;Number of Data;Title;Authors;Source;Year;Compounds;T (K);p (kPa);nC4H10/nC3H8;nCO2/nC3H8;nC2H6/nC3H8;nN2/nC3H8;nC3H8/nCH4;nC2H6/nCH4;nC4H10/nCH4;nCH4/nC3H8;nN2/nCH4;nCO2/nCH4;nH2S/nC3H8;nN2/nCO2;nCO2/nN2
0;Dataset 168;The Measurement and Prediction of Hydrate Formation  in Liquid Hydrocarbon-Water Systems;Ng, H.-J.[Heng-Joo] and Robinson, D. B.[Donald B.];Ind. Eng. Chem. Fundam. 15(4), 293 ( - 297);1976;C2H6 + C3H8 + C4H10 + CO2 + H2O in Hydrate + Aqueous Liquid + Nonpolar Liquid;280.0;1207.0;0.48700000000000004;0.12;0.44;0.0;0.0;0.0;0.0;0.0;0.0;0.0;0.0;0.0;0.0
1;Dataset 168;The Measurement and Prediction of Hydrate Formation  in Liquid Hydrocarbon-Water Systems;Ng, H.-J.[Heng-Joo] and Robinson, D. B.[Donald B.];Ind. Eng. Chem. Fundam. 15(4), 293 ( - 297);1976;C2H6 + C3H8 + C4H10 + CO2 + H2O in Hydrate + Aqueous Liquid + Nonpolar Liquid;280.0;1351.0;0.48700000000000004;0.12;0.44;0.0;0.0;0.0;0.0;0.0;0.0;0.0;0.0;0.0;0.0
2;Dataset 168;The Measurement and Prediction of Hydrate Formation  in Liquid Hydrocarbon-Water Systems;Ng, H.-J.[Heng-Joo] and Robinson, D. B.[Donald B.];Ind. Eng. Chem. Fundam. 15(4), 293 ( - 297);1976;C2H6 + C3H8 + C4H10 + CO2 + H2O in Hydrate + Aqueous Liquid + Nonpolar Liquid;280.0;1427.0;0.48700000000000004;0.12;0.44;0.0;0.0;0.0;0.0;0.0;0.0;0.0;0.0;0.0;0.0
3;Dataset 168;The Measurement and Prediction of Hydrate Formation  in Liquid Hydrocarbon-Water Systems;Ng, H.-J.[Heng-Joo] and Robinson, D. B.[Donald B.];Ind. Eng. Chem. Fundam. 15(4), 293 ( - 297);1976;C2H6 + C3H8 + C4H10 + CO2 + H2O in Hydrate + Aqueous Liquid + Nonpolar Liquid;280.1;2399.0;0.48700000000000004;0.12;0.44;0.0;0.0;0.0;0.0;0.0;0.0;0.0;0.0;0.0;0.0
4;Dataset 168;The Measurement and Prediction of Hydrate Formation  in Liquid Hydrocarbon-Water Systems;Ng, H.-J.[Heng-Joo] and Robinson, D. B.[Donald B.];Ind. Eng. Chem. Fundam. 15(4), 293 ( - 297);1976;C2H6 + C3H8 + C4H10 + CO2 + H2O in Hydrate + Aqueous Liquid + Nonpolar Liquid;280.2;3689.0;0.48700000000000004;0.12;0.44;0.0;0.0;0.0;0.0;0.0;0.0;0.0;0.0;0.0;0.0
5;Dataset 168;The Measurement and Prediction of Hydrate Formation  in Liquid Hydrocarbon-Water Systems;Ng, H.-J.[Heng-Joo] and Robinson, D. B.[Donald B.];Ind. Eng. Chem. Fundam. 15(4), 293 ( - 297);1976;C2H6 + C3H8 + C4H10 + CO2 + H2O in Hydrate + Aqueous Liquid + Nonpolar Liquid;280.4;6129.0;0.48700000000000004;0.12;0.44;0.0;0.0;0.0;0.0;0.0;0.0;0.0;0.0;0.0;0.0
6;Dataset 168;The Measurement and Prediction of Hydrate Formation  in Liquid Hydrocarbon-Water Systems;Ng, H.-J.[Heng-Joo] and Robinson, D. B.[Donald B.];Ind. Eng. Chem. Fundam. 15(4), 293 ( - 297);1976;C2H6 + C3H8 + C4H10 + CO2 + H2O in Hydrate + Aqueous Liquid + Nonpolar Liquid;280.7;9377.0;0.48700000000000004;0.12;0.44;0.0;0.0;0.0;0.0;0.0;0.0;0.0;0.0;0.0;0.0
7;Dataset 168;The Measurement and Prediction of Hydrate Formation  in Liquid Hydrocarbon-Water Systems;Ng, H.-J.[Heng-Joo] and Robinson, D. B.[Donald B.];Ind. Eng. Chem. Fundam. 15(4), 293 ( - 297);1976;C2H6 + C3H8 + C4H10 + CO2 + H2O in Hydrate + Aqueous Liquid + Nonpolar Liquid;280.9;14403.0;0.48700000000000004;0.12;0.44;0.0;0.0;0.0;0.0;0.0;0.0;0.0;0.0;0.0;0.0
8;Dataset 169;The Measurement and Prediction of Hydrate Formation  in Liquid Hydrocarbon-Water Systems;Ng, H.-J.[Heng-Joo] and Robinson, D. B.[Donald B.];Ind. Eng. Chem. Fundam. 15(4), 293 ( - 297);1976;C2H6 + C3H8 + C4H10 + CO2 + H2O in Hydrate + Aqueous Liquid + Nonpolar Liquid;283.9;2344.0;0.49;0.6609999999999999;0.44;0.0;0.0;0.0;0.0;0.0;0.0;0.0;0.0;0.0;0.0
9;Dataset 169;The Measurement and Prediction of Hydrate Formation  in Liquid Hydrocarbon-Water Systems;Ng, H.-J.[Heng-Joo] and Robinson, D. B.[Donald B.];Ind. Eng. Chem. Fundam. 15(4), 293 ( - 297);1976;C2H6 + C3H8 + C4H10 + CO2 + H2O in Hydrate + Aqueous Liquid + Nonpolar Liquid;284.0;2496.0;0.49;0.6609999999999999;0.44;0.0;0.0;0.0;0.0;0.0;0.0;0.0;0.0;0.0;0.0
10;Dataset 169;The Measurement and Prediction of Hydrate Formation  in Liquid Hydrocarbon-Water Systems;Ng, H.-J.[Heng-Joo] and Robinson, D. B.[Donald B.];Ind. Eng. Chem. Fundam. 15(4), 293 ( - 297);1976;C2H6 + C3H8 + C4H10 + CO2 + H2O in Hydrate + Aqueous Liquid + Nonpolar Liquid;284.2;3316.0;0.49;0.6609999999999999;0.44;0.0;0.0;0.0;0.0;0.0;0.0;0.0;0.0;0.0;0.0
11;Dataset 169;The Measurement and Prediction of Hydrate Formation  in Liquid Hydrocarbon-Water Systems;Ng, H.-J.[Heng-Joo] and Robinson, D. B.[Donald B.];Ind. Eng. Chem. Fundam. 15(4), 293 ( - 297);1976;C2H6 + C3H8 + C4H10 + CO2 + H2O in Hydrate + Aqueous Liquid + Nonpolar Liquid;284.5;5130.0;0.49;0.6609999999999999;0.44;0.0;0.0;0.0;0.0;0.0;0.0;0.0;0.0;0.0;0.0
12;Dataset 169;The Measurement and Prediction of Hydrate Formation  in Liquid Hydrocarbon-Water Systems;Ng, H.-J.[Heng-Joo] and Robinson, D. B.[Donald B.];Ind. Eng. Chem. Fundam. 15(4), 293 ( - 297);1976;C2H6 + C3H8 + C4H10 + CO2 + H2O in Hydrate + Aqueous Liquid + Nonpolar Liquid;284.9;8163.0;0.49;0.6609999999999999;0.44;0.0;0.0;0.0;0.0;0.0;0.0;0.0;0.0;0.0;0.0
13;Dataset 169;The Measurement and Prediction of Hydrate Formation  in Liquid Hydrocarbon-Water Systems;Ng, H.-J.[Heng-Joo] and Robinson, D. B.[Donald B.];Ind. Eng. Chem. Fundam. 15(4), 293 ( - 297);1976;C2H6 + C3H8 + C4H10 + CO2 + H2O in Hydrate + Aqueous Liquid + Nonpolar Liquid;285.7;14700.0;0.49;0.6609999999999999;0.44;0.0;0.0;0.0;0.0;0.0;0.0;0.0;0.0;0.0;0.0
14;Dataset 164;The Measurement and Prediction of Hydrate Formation  in Liquid Hydrocarbon-Water Systems;Ng, H.-J.[Heng-Joo] and Robinson, D. B.[Donald B.];Ind. Eng. Chem. Fundam. 15(4), 293 ( - 297);1976;C2H6 + C3H8 + C4H10 + N2 + H2O in Hydrate + Aqueous Liquid + Nonpolar Liquid;277.7;1158.0;0.32799999999999996;0.0;0.608;0.0058;0.0;0.0;0.0;0.0;0.0;0.0;0.0;0.0;0.0
15;Dataset 164;The Measurement and Prediction of Hydrate Formation  in Liquid Hydrocarbon-Water Systems;Ng, H.-J.[Heng-Joo] and Robinson, D. B.[Donald B.];Ind. Eng. Chem. Fundam. 15(4), 293 ( - 297);1976;C2H6 + C3H8 + C4H10 + N2 + H2O in Hydrate + Aqueous Liquid + Nonpolar Liquid;277.7;1186.0;0.32799999999999996;0.0;0.608;0.0058;0.0;0.0;0.0;0.0;0.0;0.0;0.0;0.0;0.0
16;Dataset 164;The Measurement and Prediction of Hydrate Formation  in Liquid Hydrocarbon-Water Systems;Ng, H.-J.[Heng-Joo] and Robinson, D. B.[Donald B.];Ind. Eng. Chem. Fundam. 15(4), 293 ( - 297);1976;C2H6 + C3H8 + C4H10 + N2 + H2O in Hydrate + Aqueous Liquid + Nonpolar Liquid;277.7;1462.0;0.32799999999999996;0.0;0.608;0.0058;0.0;0.0;0.0;0.0;0.0;0.0;0.0;0.0;0.0
17;Dataset 164;The Measurement and Prediction of Hydrate Formation  in Liquid Hydrocarbon-Water Systems;Ng, H.-J.[Heng-Joo] and Robinson, D. B.[Donald B.];Ind. Eng. Chem. Fundam. 15(4), 293 ( - 297);1976;C2H6 + C3H8 + C4H10 + N2 + H2O in Hydrate + Aqueous Liquid + Nonpolar Liquid;277.7;2234.0;0.32799999999999996;0.0;0.608;0.0058;0.0;0.0;0.0;0.0;0.0;0.0;0.0;0.0;0.0
18;Dataset 164;The Measurement and Prediction of Hydrate Formation  in Liquid Hydrocarbon-Water Systems;Ng, H.-J.[Heng-Joo] and Robinson, D. B.[Donald B.];Ind. Eng. Chem. Fundam. 15(4), 293 ( - 297);1976;C2H6 + C3H8 + C4H10 + N2 + H2O in Hydrate + Aqueous Liquid + Nonpolar Liquid;277.7;4523.0;0.32799999999999996;0.0;0.608;0.0058;0.0;0.0;0.0;0.0;0.0;0.0;0.0;0.0;0.0
19;Dataset 164;The Measurement and Prediction of Hydrate Formation  in Liquid Hydrocarbon-Water Systems;Ng, H.-J.[Heng-Joo] and Robinson, D. B.[Donald B.];Ind. Eng. Chem. Fundam. 15(4), 293 ( - 297);1976;C2H6 + C3H8 + C4H10 + N2 + H2O in Hydrate + Aqueous Liquid + Nonpolar Liquid;277.8;7074.0;0.32799999999999996;0.0;0.608;0.0058;0.0;0.0;0.0;0.0;0.0;0.0;0.0;0.0;0.0
20;Dataset 164;The Measurement and Prediction of Hydrate Formation  in Liquid Hydrocarbon-Water Systems;Ng, H.-J.[Heng-Joo] and Robinson, D. B.[Donald B.];Ind. Eng. Chem. Fundam. 15(4), 293 ( - 297);1976;C2H6 + C3H8 + C4H10 + N2 + H2O in Hydrate + Aqueous Liquid + Nonpolar Liquid;277.8;9715.0;0.32799999999999996;0.0;0.608;0.0058;0.0;0.0;0.0;0.0;0.0;0.0;0.0;0.0;0.0
885;Dataset 135;Composition of Guests in Hydrates from Gas Mixture;Kawasaki, T.[Tatsuji], Kikuchi, K.[Kei], Terasaki, D.[Daijiro], Okui, T.[Toshiharu], Miyata, K.[Kazuaki], Hirayama, H.[Hiroaki] and Ihara, M.[Masaru];Fourth International Conference on Gas Hydrates, Yokohama, Japan, May 19-23, pp 424-427;2002;CH4 + C2H6 + C3H8 + C4H10 + H2O in Hydrate + Aqueous Liquid + Vapor;274.15;3000.0;0.0;0.0;0.0;0.0;0.154;0.12;0.045;0.0;0.0;0.0;0.0;0.0;0.0
886;Dataset 136;Composition of Guests in Hydrates from Gas Mixture;Kawasaki, T.[Tatsuji], Kikuchi, K.[Kei], Terasaki, D.[Daijiro], Okui, T.[Toshiharu], Miyata, K.[Kazuaki], Hirayama, H.[Hiroaki] and Ihara, M.[Masaru];Fourth International Conference on Gas Hydrates, Yokohama, Japan, May 19-23, pp 424-427;2002;CH4 + C2H6 + C3H8 + C4H10 + H2O in Hydrate + Aqueous Liquid + Vapor;278.15;3000.0;0.0;0.0;0.0;0.0;0.214;0.14800000000000002;0.063;0.0;0.0;0.0;0.0;0.0;0.0
887;Dataset 165;The Measurement and Prediction of Hydrate Formation  in Liquid Hydrocarbon-Water Systems;Ng, H.-J.[Heng-Joo] and Robinson, D. B.[Donald B.];Ind. Eng. Chem. Fundam. 15(4), 293 ( - 297);1976;CH4 + C2H6 + C3H8 + C4H10 + N2 + H2O in Hydrate + Aqueous Liquid + Nonpolar Liquid;281.2;1565.0;0.319;0.0;0.602;0.0039;0.0;0.0;0.0;0.043;0.0;0.0;0.0;0.0;0.0
888;Dataset 165;The Measurement and Prediction of Hydrate Formation  in Liquid Hydrocarbon-Water Systems;Ng, H.-J.[Heng-Joo] and Robinson, D. B.[Donald B.];Ind. Eng. Chem. Fundam. 15(4), 293 ( - 297);1976;CH4 + C2H6 + C3H8 + C4H10 + N2 + H2O in Hydrate + Aqueous Liquid + Nonpolar Liquid;281.2;1620.0;0.319;0.0;0.602;0.0039;0.0;0.0;0.0;0.043;0.0;0.0;0.0;0.0;0.0
889;Dataset 165;The Measurement and Prediction of Hydrate Formation  in Liquid Hydrocarbon-Water Systems;Ng, H.-J.[Heng-Joo] and Robinson, D. B.[Donald B.];Ind. Eng. Chem. Fundam. 15(4), 293 ( - 297);1976;CH4 + C2H6 + C3H8 + C4H10 + N2 + H2O in Hydrate + Aqueous Liquid + Nonpolar Liquid;281.3;2461.0;0.319;0.0;0.602;0.0039;0.0;0.0;0.0;0.043;0.0;0.0;0.0;0.0;0.0
890;Dataset 165;The Measurement and Prediction of Hydrate Formation  in Liquid Hydrocarbon-Water Systems;Ng, H.-J.[Heng-Joo] and Robinson, D. B.[Donald B.];Ind. Eng. Chem. Fundam. 15(4), 293 ( - 297);1976;CH4 + C2H6 + C3H8 + C4H10 + N2 + H2O in Hydrate + Aqueous Liquid + Nonpolar Liquid;281.4;3813.0;0.319;0.0;0.602;0.0039;0.0;0.0;0.0;0.043;0.0;0.0;0.0;0.0;0.0
891;Dataset 165;The Measurement and Prediction of Hydrate Formation  in Liquid Hydrocarbon-Water Systems;Ng, H.-J.[Heng-Joo] and Robinson, D. B.[Donald B.];Ind. Eng. Chem. Fundam. 15(4), 293 ( - 297);1976;CH4 + C2H6 + C3H8 + C4H10 + N2 + H2O in Hydrate + Aqueous Liquid + Nonpolar Liquid;281.7;6102.0;0.319;0.0;0.602;0.0039;0.0;0.0;0.0;0.043;0.0;0.0;0.0;0.0;0.0
892;Dataset 165;The Measurement and Prediction of Hydrate Formation  in Liquid Hydrocarbon-Water Systems;Ng, H.-J.[Heng-Joo] and Robinson, D. B.[Donald B.];Ind. Eng. Chem. Fundam. 15(4), 293 ( - 297);1976;CH4 + C2H6 + C3H8 + C4H10 + N2 + H2O in Hydrate + Aqueous Liquid + Nonpolar Liquid;281.9;8232.0;0.319;0.0;0.602;0.0039;0.0;0.0;0.0;0.043;0.0;0.0;0.0;0.0;0.0
893;Dataset 165;The Measurement and Prediction of Hydrate Formation  in Liquid Hydrocarbon-Water Systems;Ng, H.-J.[Heng-Joo] and Robinson, D. B.[Donald B.];Ind. Eng. Chem. Fundam. 15(4), 293 ( - 297);1976;CH4 + C2H6 + C3H8 + C4H10 + N2 + H2O in Hydrate + Aqueous Liquid + Nonpolar Liquid;282.2;11225.0;0.319;0.0;0.602;0.0039;0.0;0.0;0.0;0.043;0.0;0.0;0.0;0.0;0.0
894;Dataset 166;The Measurement and Prediction of Hydrate Formation  in Liquid Hydrocarbon-Water Systems;Ng, H.-J.[Heng-Joo] and Robinson, D. B.[Donald B.];Ind. Eng. Chem. Fundam. 15(4), 293 ( - 297);1976;CH4 + C2H6 + C3H8 + C4H10 + N2 + H2O in Hydrate + Aqueous Liquid + Nonpolar Liquid;291.7;4799.0;0.304;0.0;0.605;0.0049;0.0;0.0;0.0;0.537;0.0;0.0;0.0;0.0;0.0
895;Dataset 166;The Measurement and Prediction of Hydrate Formation  in Liquid Hydrocarbon-Water Systems;Ng, H.-J.[Heng-Joo] and Robinson, D. B.[Donald B.];Ind. Eng. Chem. Fundam. 15(4), 293 ( - 297);1976;CH4 + C2H6 + C3H8 + C4H10 + N2 + H2O in Hydrate + Aqueous Liquid + Nonpolar Liquid;291.8;5240.0;0.304;0.0;0.605;0.0049;0.0;0.0;0.0;0.537;0.0;0.0;0.0;0.0;0.0
896;Dataset 166;The Measurement and Prediction of Hydrate Formation  in Liquid Hydrocarbon-Water Systems;Ng, H.-J.[Heng-Joo] and Robinson, D. B.[Donald B.];Ind. Eng. Chem. Fundam. 15(4), 293 ( - 297);1976;CH4 + C2H6 + C3H8 + C4H10 + N2 + H2O in Hydrate + Aqueous Liquid + Nonpolar Liquid;292.0;5902.0;0.304;0.0;0.605;0.0049;0.0;0.0;0.0;0.537;0.0;0.0;0.0;0.0;0.0
897;Dataset 166;The Measurement and Prediction of Hydrate Formation  in Liquid Hydrocarbon-Water Systems;Ng, H.-J.[Heng-Joo] and Robinson, D. B.[Donald B.];Ind. Eng. Chem. Fundam. 15(4), 293 ( - 297);1976;CH4 + C2H6 + C3H8 + C4H10 + N2 + H2O in Hydrate + Aqueous Liquid + Nonpolar Liquid;292.5;7212.0;0.304;0.0;0.605;0.0049;0.0;0.0;0.0;0.537;0.0;0.0;0.0;0.0;0.0
898;Dataset 166;The Measurement and Prediction of Hydrate Formation  in Liquid Hydrocarbon-Water Systems;Ng, H.-J.[Heng-Joo] and Robinson, D. B.[Donald B.];Ind. Eng. Chem. Fundam. 15(4), 293 ( - 297);1976;CH4 + C2H6 + C3H8 + C4H10 + N2 + H2O in Hydrate + Aqueous Liquid + Nonpolar Liquid;293.2;9797.0;0.304;0.0;0.605;0.0049;0.0;0.0;0.0;0.537;0.0;0.0;0.0;0.0;0.0
899;Dataset 166;The Measurement and Prediction of Hydrate Formation  in Liquid Hydrocarbon-Water Systems;Ng, H.-J.[Heng-Joo] and Robinson, D. B.[Donald B.];Ind. Eng. Chem. Fundam. 15(4), 293 ( - 297);1976;CH4 + C2H6 + C3H8 + C4H10 + N2 + H2O in Hydrate + Aqueous Liquid + Nonpolar Liquid;293.9;13624.0;0.304;0.0;0.605;0.0049;0.0;0.0;0.0;0.537;0.0;0.0;0.0;0.0;0.0
931;Dataset 1004;GAS HYDRATES AND THEIR RELATION TO THE OPERATION OF NATURAL-GAS PIPE LINES;Deaton, W. M. and Frost, E. M.;United States Department of the Interior Gas Hydrates and Their Relation to the Operation of Natural-Gas Pipe Lines U18401 8653273;1946;CH4 + C2H6 + C3H8 + CO2 + N2 + H2O in Hydrate + Aqueous Liquid + Vapor;273.7;1262.0;0.0;0.0;0.0;0.0;0.019;0.0093;0.0;0.0;0.0021;0.0062;0.0;0.0;0.0
932;Dataset 1004;GAS HYDRATES AND THEIR RELATION TO THE OPERATION OF NATURAL-GAS PIPE LINES;Deaton, W. M. and Frost, E. M.;United States Department of the Interior Gas Hydrates and Their Relation to the Operation of Natural-Gas Pipe Lines U18401 8653273;1946;CH4 + C2H6 + C3H8 + CO2 + N2 + H2O in Hydrate + Aqueous Liquid + Vapor;274.8;1427.0;0.0;0.0;0.0;0.0;0.019;0.0093;0.0;0.0;0.0021;0.0062;0.0;0.0;0.0
933;Dataset 1004;GAS HYDRATES AND THEIR RELATION TO THE OPERATION OF NATURAL-GAS PIPE LINES;Deaton, W. M. and Frost, E. M.;United States Department of the Interior Gas Hydrates and Their Relation to the Operation of Natural-Gas Pipe Lines U18401 8653273;1946;CH4 + C2H6 + C3H8 + CO2 + N2 + H2O in Hydrate + Aqueous Liquid + Vapor;274.8;1420.0;0.0;0.0;0.0;0.0;0.019;0.0093;0.0;0.0;0.0021;0.0062;0.0;0.0;0.0
934;Dataset 1004;GAS HYDRATES AND THEIR RELATION TO THE OPERATION OF NATURAL-GAS PIPE LINES;Deaton, W. M. and Frost, E. M.;United States Department of the Interior Gas Hydrates and Their Relation to the Operation of Natural-Gas Pipe Lines U18401 8653273;1946;CH4 + C2H6 + C3H8 + CO2 + N2 + H2O in Hydrate + Aqueous Liquid + Vapor;277.6;2027.0;0.0;0.0;0.0;0.0;0.019;0.0093;0.0;0.0;0.0021;0.0062;0.0;0.0;0.0
935;Dataset 1004;GAS HYDRATES AND THEIR RELATION TO THE OPERATION OF NATURAL-GAS PIPE LINES;Deaton, W. M. and Frost, E. M.;United States Department of the Interior Gas Hydrates and Their Relation to the Operation of Natural-Gas Pipe Lines U18401 8653273;1946;CH4 + C2H6 + C3H8 + CO2 + N2 + H2O in Hydrate + Aqueous Liquid + Vapor;280.4;2854.0;0.0;0.0;0.0;0.0;0.019;0.0093;0.0;0.0;0.0021;0.0062;0.0;0.0;0.0
936;Dataset 1004;GAS HYDRATES AND THEIR RELATION TO THE OPERATION OF NATURAL-GAS PIPE LINES;Deaton, W. M. and Frost, E. M.;United States Department of the Interior Gas Hydrates and Their Relation to the Operation of Natural-Gas Pipe Lines U18401 8653273;1946;CH4 + C2H6 + C3H8 + CO2 + N2 + H2O in Hydrate + Aqueous Liquid + Vapor;283.2;4047.0;0.0;0.0;0.0;0.0;0.019;0.0093;0.0;0.0;0.0021;0.0062;0.0;0.0;0.0
937;Dataset 1004;GAS HYDRATES AND THEIR RELATION TO THE OPERATION OF NATURAL-GAS PIPE LINES;Deaton, W. M. and Frost, E. M.;United States Department of the Interior Gas Hydrates and Their Relation to the Operation of Natural-Gas Pipe Lines U18401 8653273;1946;CH4 + C2H6 + C3H8 + CO2 + N2 + H2O in Hydrate + Aqueous Liquid + Vapor;287.7;7426.0;0.0;0.0;0.0;0.0;0.019;0.0093;0.0;0.0;0.0021;0.0062;0.0;0.0;0.0
938;Dataset 1004;GAS HYDRATES AND THEIR RELATION TO THE OPERATION OF NATURAL-GAS PIPE LINES;Deaton, W. M. and Frost, E. M.;United States Department of the Interior Gas Hydrates and Their Relation to the Operation of Natural-Gas Pipe Lines U18401 8653273;1946;CH4 + C2H6 + C3H8 + CO2 + N2 + H2O in Hydrate + Aqueous Liquid + Vapor;289.8;10328.0;0.0;0.0;0.0;0.0;0.019;0.0093;0.0;0.0;0.0021;0.0062;0.0;0.0;0.0
939;Dataset 1004;GAS HYDRATES AND THEIR RELATION TO THE OPERATION OF NATURAL-GAS PIPE LINES;Deaton, W. M. and Frost, E. M.;United States Department of the Interior Gas Hydrates and Their Relation to the Operation of Natural-Gas Pipe Lines U18401 8653273;1946;CH4 + C2H6 + C3H8 + CO2 + N2 + H2O in Hydrate + Aqueous Liquid + Vapor;289.8;10439.0;0.0;0.0;0.0;0.0;0.019;0.0093;0.0;0.0;0.0021;0.0062;0.0;0.0;0.0
940;Dataset 250;Natural gas hydrates ;Wilcox, W. I., carson, D. B.[Don B.] and Katz, D. L.[Donald L.];Ind. Eng. Chem. 33, 662;1941;CH4 + C2H6 + C3H8 + CO2 + N2 + H2O in Hydrate + Aqueous Liquid + Vapor;277.7;1600.0;0.0;0.0;0.0;0.0;0.0173;0.0456;0.0;0.0;0.0046;0.0055;0.0;0.0;0.0
941;Dataset 250;Natural gas hydrates ;Wilcox, W. I., carson, D. B.[Don B.] and Katz, D. L.[Donald L.];Ind. Eng. Chem. 33, 662;1941;CH4 + C2H6 + C3H8 + CO2 + N2 + H2O in Hydrate + Aqueous Liquid + Vapor;283.9;3392.0;0.0;0.0;0.0;0.0;0.0173;0.0456;0.0;0.0;0.0046;0.0055;0.0;0.0;0.0
942;Dataset 250;Natural gas hydrates ;Wilcox, W. I., carson, D. B.[Don B.] and Katz, D. L.[Donald L.];Ind. Eng. Chem. 33, 662;1941;CH4 + C2H6 + C3H8 + CO2 + N2 + H2O in Hydrate + Aqueous Liquid + Vapor;289.2;6964.0;0.0;0.0;0.0;0.0;0.0173;0.0456;0.0;0.0;0.0046;0.0055;0.0;0.0;0.0
943;Dataset 250;Natural gas hydrates ;Wilcox, W. I., carson, D. B.[Don B.] and Katz, D. L.[Donald L.];Ind. Eng. Chem. 33, 662;1941;CH4 + C2H6 + C3H8 + CO2 + N2 + H2O in Hydrate + Aqueous Liquid + Vapor;292.0;10501.0;0.0;0.0;0.0;0.0;0.0173;0.0456;0.0;0.0;0.0046;0.0055;0.0;0.0;0.0
944;Dataset 250;Natural gas hydrates ;Wilcox, W. I., carson, D. B.[Don B.] and Katz, D. L.[Donald L.];Ind. Eng. Chem. 33, 662;1941;CH4 + C2H6 + C3H8 + CO2 + N2 + H2O in Hydrate + Aqueous Liquid + Vapor;293.3;14127.0;0.0;0.0;0.0;0.0;0.0173;0.0456;0.0;0.0;0.0046;0.0055;0.0;0.0;0.0
945;Dataset 251;Natural gas hydrates ;Wilcox, W. I., carson, D. B.[Don B.] and Katz, D. L.[Donald L.];Ind. Eng. Chem. 33, 662;1941;CH4 + C2H6 + C3H8 + CO2 + N2 + H2O in Hydrate + Aqueous Liquid + Vapor;279.1;1924.0;0.0;0.0;0.0;0.0;0.0173;0.0456;0.0;0.0;0.0046;0.0055;0.0;0.0;0.0
946;Dataset 251;Natural gas hydrates ;Wilcox, W. I., carson, D. B.[Don B.] and Katz, D. L.[Donald L.];Ind. Eng. Chem. 33, 662;1941;CH4 + C2H6 + C3H8 + CO2 + N2 + H2O in Hydrate + Aqueous Liquid + Vapor;281.8;2648.0;0.0;0.0;0.0;0.0;0.0173;0.0456;0.0;0.0;0.0046;0.0055;0.0;0.0;0.0
947;Dataset 251;Natural gas hydrates ;Wilcox, W. I., carson, D. B.[Don B.] and Katz, D. L.[Donald L.];Ind. Eng. Chem. 33, 662;1941;CH4 + C2H6 + C3H8 + CO2 + N2 + H2O in Hydrate + Aqueous Liquid + Vapor;286.7;4819.0;0.0;0.0;0.0;0.0;0.0173;0.0456;0.0;0.0;0.0046;0.0055;0.0;0.0;0.0
948;Dataset 251;Natural gas hydrates ;Wilcox, W. I., carson, D. B.[Don B.] and Katz, D. L.[Donald L.];Ind. Eng. Chem. 33, 662;1941;CH4 + C2H6 + C3H8 + CO2 + N2 + H2O in Hydrate + Aqueous Liquid + Vapor;290.3;8136.0;0.0;0.0;0.0;0.0;0.0173;0.0456;0.0;0.0;0.0046;0.0055;0.0;0.0;0.0
949;Dataset 251;Natural gas hydrates ;Wilcox, W. I., carson, D. B.[Don B.] and Katz, D. L.[Donald L.];Ind. Eng. Chem. 33, 662;1941;CH4 + C2H6 + C3H8 + CO2 + N2 + H2O in Hydrate + Aqueous Liquid + Vapor;291.2;9480.0;0.0;0.0;0.0;0.0;0.0173;0.0456;0.0;0.0;0.0046;0.0055;0.0;0.0;0.0
950;Dataset 251;Natural gas hydrates ;Wilcox, W. I., carson, D. B.[Don B.] and Katz, D. L.[Donald L.];Ind. Eng. Chem. 33, 662;1941;CH4 + C2H6 + C3H8 + CO2 + N2 + H2O in Hydrate + Aqueous Liquid + Vapor;293.3;13783.0;0.0;0.0;0.0;0.0;0.0173;0.0456;0.0;0.0;0.0046;0.0055;0.0;0.0;0.0
951;Dataset 251;Natural gas hydrates ;Wilcox, W. I., carson, D. B.[Don B.] and Katz, D. L.[Donald L.];Ind. Eng. Chem. 33, 662;1941;CH4 + C2H6 + C3H8 + CO2 + N2 + H2O in Hydrate + Aqueous Liquid + Vapor;295.0;20264.0;0.0;0.0;0.0;0.0;0.0173;0.0456;0.0;0.0;0.0046;0.0055;0.0;0.0;0.0
952;Dataset 251;Natural gas hydrates ;Wilcox, W. I., carson, D. B.[Don B.] and Katz, D. L.[Donald L.];Ind. Eng. Chem. 33, 662;1941;CH4 + C2H6 + C3H8 + CO2 + N2 + H2O in Hydrate + Aqueous Liquid + Vapor;294.3;17161.0;0.0;0.0;0.0;0.0;0.0173;0.0456;0.0;0.0;0.0046;0.0055;0.0;0.0;0.0
953;Dataset 251;Natural gas hydrates ;Wilcox, W. I., carson, D. B.[Don B.] and Katz, D. L.[Donald L.];Ind. Eng. Chem. 33, 662;1941;CH4 + C2H6 + C3H8 + CO2 + N2 + H2O in Hydrate + Aqueous Liquid + Vapor;296.7;27503.0;0.0;0.0;0.0;0.0;0.0173;0.0456;0.0;0.0;0.0046;0.0055;0.0;0.0;0.0
954;Dataset 251;Natural gas hydrates ;Wilcox, W. I., carson, D. B.[Don B.] and Katz, D. L.[Donald L.];Ind. Eng. Chem. 33, 662;1941;CH4 + C2H6 + C3H8 + CO2 + N2 + H2O in Hydrate + Aqueous Liquid + Vapor;295.5;22994.0;0.0;0.0;0.0;0.0;0.0173;0.0456;0.0;0.0;0.0046;0.0055;0.0;0.0;0.0
1304;Dataset 854;Natural Gas Hydrates;carson, D. B.[Don B.] and Katz, D. L.[Donald L.];American Institute of Mining and Metallurgical Engineers Dallas Meeting, Dallas, TX, October, pp 1-8;1941;CH4 + C3H8 + H2O in Hydrate + Aqueous Liquid + Nonpolar Liquid + Vapor;295.7;7253.0;0.0;0.0;0.0;0.0;0.64;0.0;0.0;0.0;0.0;0.0;0.0;0.0;0.0
1305;Dataset 855;Natural Gas Hydrates;carson, D. B.[Don B.] and Katz, D. L.[Donald L.];American Institute of Mining and Metallurgical Engineers Dallas Meeting, Dallas, TX, October, pp 1-8;1941;CH4 + C3H8 + H2O in Hydrate + Aqueous Liquid + Nonpolar Liquid + Vapor;294.1;5337.0;0.0;0.0;0.0;0.0;0.0;0.0;0.0;0.866;0.0;0.0;0.0;0.0;0.0
1306;Dataset 856;Natural Gas Hydrates;carson, D. B.[Don B.] and Katz, D. L.[Donald L.];American Institute of Mining and Metallurgical Engineers Dallas Meeting, Dallas, TX, October, pp 1-8;1941;CH4 + C3H8 + H2O in Hydrate + Aqueous Liquid + Nonpolar Liquid + Vapor;291.8;3592.0;0.0;0.0;0.0;0.0;0.0;0.0;0.0;0.701;0.0;0.0;0.0;0.0;0.0
1307;Dataset 857;Natural Gas Hydrates;carson, D. B.[Don B.] and Katz, D. L.[Donald L.];American Institute of Mining and Metallurgical Engineers Dallas Meeting, Dallas, TX, October, pp 1-8;1941;CH4 + C3H8 + H2O in Hydrate + Aqueous Liquid + Nonpolar Liquid + Vapor;289.8;2779.0;0.0;0.0;0.0;0.0;0.0;0.0;0.0;0.359;0.0;0.0;0.0;0.0;0.0
1308;Dataset 858;Natural Gas Hydrates;carson, D. B.[Don B.] and Katz, D. L.[Donald L.];American Institute of Mining and Metallurgical Engineers Dallas Meeting, Dallas, TX, October, pp 1-8;1941;CH4 + C3H8 + H2O in Hydrate + Aqueous Liquid + Nonpolar Liquid + Vapor;287.9;2137.0;0.0;0.0;0.0;0.0;0.0;0.0;0.0;0.35;0.0;0.0;0.0;0.0;0.0
1309;Dataset 859;Natural Gas Hydrates;carson, D. B.[Don B.] and Katz, D. L.[Donald L.];American Institute of Mining and Metallurgical Engineers Dallas Meeting, Dallas, TX, October, pp 1-8;1941;CH4 + C3H8 + H2O in Hydrate + Aqueous Liquid + Nonpolar Liquid + Vapor;291.7;3682.0;0.0;0.0;0.0;0.0;0.0;0.0;0.0;0.953;0.0;0.0;0.0;0.0;0.0
1310;Dataset 860;Natural Gas Hydrates;carson, D. B.[Don B.] and Katz, D. L.[Donald L.];American Institute of Mining and Metallurgical Engineers Dallas Meeting, Dallas, TX, October, pp 1-8;1941;CH4 + C3H8 + H2O in Hydrate + Aqueous Liquid + Nonpolar Liquid + Vapor;283.8;1220.0;0.0;0.0;0.0;0.0;0.0;0.0;0.0;0.156;0.0;0.0;0.0;0.0;0.0
1311;Dataset 861;Natural Gas Hydrates;carson, D. B.[Don B.] and Katz, D. L.[Donald L.];American Institute of Mining and Metallurgical Engineers Dallas Meeting, Dallas, TX, October, pp 1-8;1941;CH4 + C3H8 + H2O in Hydrate + Aqueous Liquid + Nonpolar Liquid + Vapor;291.0;3296.0;0.0;0.0;0.0;0.0;0.0;0.0;0.0;0.439;0.0;0.0;0.0;0.0;0.0
1319;Dataset 863;Natural Gas Hydrates;carson, D. B.[Don B.] and Katz, D. L.[Donald L.];American Institute of Mining and Metallurgical Engineers Dallas Meeting, Dallas, TX, October, pp 1-8;1941;CH4 + C3H8 + H2O in Hydrate + Aqueous Liquid + Nonpolar Liquid + Vapor;293.6;5268.0;0.0;0.0;0.0;0.0;0.9420000000000001;0.0;0.0;0.0;0.0;0.0;0.0;0.0;0.0
1320;Dataset 864;Natural Gas Hydrates;carson, D. B.[Don B.] and Katz, D. L.[Donald L.];American Institute of Mining and Metallurgical Engineers Dallas Meeting, Dallas, TX, October, pp 1-8;1941;CH4 + C3H8 + H2O in Hydrate + Aqueous Liquid + Nonpolar Liquid + Vapor;286.8;1765.0;0.0;0.0;0.0;0.0;0.0;0.0;0.0;0.307;0.0;0.0;0.0;0.0;0.0
1353;Dataset 789;Hydrate Decomposition Conditions in the System  -  H,S-Methane-Propane;Schroeder, J., Kobayashi, R.[Riki] and Hildebrand, M. A.;Ind. Eng. Chem. Fundam. 22, 361 ( - 364);1983;CH4 + C3H8 + H2S + H2O in Hydrate + Aqueous Liquid + Vapor;275.95;561.2479;0.0;0.0;0.0;0.0;0.0;0.0;0.0;0.08089;0.0;0.0;0.047080000000000004;0.0;0.0
1354;Dataset 789;Hydrate Decomposition Conditions in the System  -  H,S-Methane-Propane;Schroeder, J., Kobayashi, R.[Riki] and Hildebrand, M. A.;Ind. Eng. Chem. Fundam. 22, 361 ( - 364);1983;CH4 + C3H8 + H2S + H2O in Hydrate + Aqueous Liquid + Vapor;277.75;706.0416;0.0;0.0;0.0;0.0;0.0;0.0;0.0;0.08089;0.0;0.0;0.047080000000000004;0.0;0.0
1355;Dataset 789;Hydrate Decomposition Conditions in the System  -  H,S-Methane-Propane;Schroeder, J., Kobayashi, R.[Riki] and Hildebrand, M. A.;Ind. Eng. Chem. Fundam. 22, 361 ( - 364);1983;CH4 + C3H8 + H2S + H2O in Hydrate + Aqueous Liquid + Vapor;284.15;1418.9779999999998;0.0;0.0;0.0;0.0;0.0;0.0;0.0;0.08089;0.0;0.0;0.047080000000000004;0.0;0.0
1356;Dataset 789;Hydrate Decomposition Conditions in the System  -  H,S-Methane-Propane;Schroeder, J., Kobayashi, R.[Riki] and Hildebrand, M. A.;Ind. Eng. Chem. Fundam. 22, 361 ( - 364);1983;CH4 + C3H8 + H2S + H2O in Hydrate + Aqueous Liquid + Vapor;287.35;2023.664;0.0;0.0;0.0;0.0;0.0;0.0;0.0;0.08089;0.0;0.0;0.047080000000000004;0.0;0.0
1357;Dataset 789;Hydrate Decomposition Conditions in the System  -  H,S-Methane-Propane;Schroeder, J., Kobayashi, R.[Riki] and Hildebrand, M. A.;Ind. Eng. Chem. Fundam. 22, 361 ( - 364);1983;CH4 + C3H8 + H2S + H2O in Hydrate + Aqueous Liquid + Vapor;291.15;3366.798;0.0;0.0;0.0;0.0;0.0;0.0;0.0;0.08089;0.0;0.0;0.047080000000000004;0.0;0.0
1358;Dataset 790;Hydrate Decomposition Conditions in the System  -  H,S-Methane-Propane;Schroeder, J., Kobayashi, R.[Riki] and Hildebrand, M. A.;Ind. Eng. Chem. Fundam. 22, 361 ( - 364);1983;CH4 + C3H8 + H2S + H2O in Hydrate + Aqueous Liquid + Vapor;275.85;339.2309;0.0;0.0;0.0;0.0;0.0;0.0;0.0;0.08661;0.0;0.0;0.14782;0.0;0.0
1359;Dataset 790;Hydrate Decomposition Conditions in the System  -  H,S-Methane-Propane;Schroeder, J., Kobayashi, R.[Riki] and Hildebrand, M. A.;Ind. Eng. Chem. Fundam. 22, 361 ( - 364);1983;CH4 + C3H8 + H2S + H2O in Hydrate + Aqueous Liquid + Vapor;283.55;817.0501;0.0;0.0;0.0;0.0;0.0;0.0;0.0;0.08661;0.0;0.0;0.14782;0.0;0.0
1360;Dataset 790;Hydrate Decomposition Conditions in the System  -  H,S-Methane-Propane;Schroeder, J., Kobayashi, R.[Riki] and Hildebrand, M. A.;Ind. Eng. Chem. Fundam. 22, 361 ( - 364);1983;CH4 + C3H8 + H2S + H2O in Hydrate + Aqueous Liquid + Vapor;292.65;2813.134;0.0;0.0;0.0;0.0;0.0;0.0;0.0;0.08661;0.0;0.0;0.14782;0.0;0.0
1361;Dataset 791;Hydrate Decomposition Conditions in the System  -  H,S-Methane-Propane;Schroeder, J., Kobayashi, R.[Riki] and Hildebrand, M. A.;Ind. Eng. Chem. Fundam. 22, 361 ( - 364);1983;CH4 + C3H8 + H2S + H2O in Hydrate + Aqueous Liquid + Vapor;280.35;368.1897;0.0;0.0;0.0;0.0;0.0;0.0;0.0;0.1216;0.0;0.0;0.52079;0.0;0.0
1362;Dataset 791;Hydrate Decomposition Conditions in the System  -  H,S-Methane-Propane;Schroeder, J., Kobayashi, R.[Riki] and Hildebrand, M. A.;Ind. Eng. Chem. Fundam. 22, 361 ( - 364);1983;CH4 + C3H8 + H2S + H2O in Hydrate + Aqueous Liquid + Vapor;286.25;686.0463;0.0;0.0;0.0;0.0;0.0;0.0;0.0;0.1216;0.0;0.0;0.52079;0.0;0.0
1363;Dataset 791;Hydrate Decomposition Conditions in the System  -  H,S-Methane-Propane;Schroeder, J., Kobayashi, R.[Riki] and Hildebrand, M. A.;Ind. Eng. Chem. Fundam. 22, 361 ( - 364);1983;CH4 + C3H8 + H2S + H2O in Hydrate + Aqueous Liquid + Vapor;292.25;1444.489;0.0;0.0;0.0;0.0;0.0;0.0;0.0;0.1216;0.0;0.0;0.52079;0.0;0.0
1364;Dataset 791;Hydrate Decomposition Conditions in the System  -  H,S-Methane-Propane;Schroeder, J., Kobayashi, R.[Riki] and Hildebrand, M. A.;Ind. Eng. Chem. Fundam. 22, 361 ( - 364);1983;CH4 + C3H8 + H2S + H2O in Hydrate + Aqueous Liquid + Vapor;297.45;2554.574;0.0;0.0;0.0;0.0;0.0;0.0;0.0;0.1216;0.0;0.0;0.52079;0.0;0.0
1365;Dataset 791;Hydrate Decomposition Conditions in the System  -  H,S-Methane-Propane;Schroeder, J., Kobayashi, R.[Riki] and Hildebrand, M. A.;Ind. Eng. Chem. Fundam. 22, 361 ( - 364);1983;CH4 + C3H8 + H2S + H2O in Hydrate + Aqueous Liquid + Vapor;300.95;4274.861;0.0;0.0;0.0;0.0;0.0;0.0;0.0;0.1216;0.0;0.0;0.52079;0.0;0.0
2517;Dataset 353;Hydrate phase equilibria of the guest mixtures containing CO2, N2 and tetrahydrofuran;Kang, S. -P.[Seon-Pil], Lee, H.[Huen], Lee, C. S.[Ching S.] and Sung, W.-M.;Fluid Phase Equilibria 185, 101-109;2001;CO2 + N2 + H2O in Hydrate + Aqueous Liquid + Vapor;274.95;1565.0;0.0;0.0;0.0;0.0;0.0;0.0;0.0;0.0;0.0;0.0;0.0;0.0353;0.0
2518;Dataset 353;Hydrate phase equilibria of the guest mixtures containing CO2, N2 and tetrahydrofuran;Kang, S. -P.[Seon-Pil], Lee, H.[Huen], Lee, C. S.[Ching S.] and Sung, W.-M.;Fluid Phase Equilibria 185, 101-109;2001;CO2 + N2 + H2O in Hydrate + Aqueous Liquid + Vapor;277.45;2060.0;0.0;0.0;0.0;0.0;0.0;0.0;0.0;0.0;0.0;0.0;0.0;0.0353;0.0
2519;Dataset 353;Hydrate phase equilibria of the guest mixtures containing CO2, N2 and tetrahydrofuran;Kang, S. -P.[Seon-Pil], Lee, H.[Huen], Lee, C. S.[Ching S.] and Sung, W.-M.;Fluid Phase Equilibria 185, 101-109;2001;CO2 + N2 + H2O in Hydrate + Aqueous Liquid + Vapor;280.25;2900.0;0.0;0.0;0.0;0.0;0.0;0.0;0.0;0.0;0.0;0.0;0.0;0.0353;0.0
2520;Dataset 353;Hydrate phase equilibria of the guest mixtures containing CO2, N2 and tetrahydrofuran;Kang, S. -P.[Seon-Pil], Lee, H.[Huen], Lee, C. S.[Ching S.] and Sung, W.-M.;Fluid Phase Equilibria 185, 101-109;2001;CO2 + N2 + H2O in Hydrate + Aqueous Liquid + Vapor;282.55;4000.0;0.0;0.0;0.0;0.0;0.0;0.0;0.0;0.0;0.0;0.0;0.0;0.0353;0.0
2521;Dataset 353;Hydrate phase equilibria of the guest mixtures containing CO2, N2 and tetrahydrofuran;Kang, S. -P.[Seon-Pil], Lee, H.[Huen], Lee, C. S.[Ching S.] and Sung, W.-M.;Fluid Phase Equilibria 185, 101-109;2001;CO2 + N2 + H2O in Hydrate + Aqueous Liquid + Vapor;283.55;5115.0;0.0;0.0;0.0;0.0;0.0;0.0;0.0;0.0;0.0;0.0;0.0;0.0353;0.0
2522;Dataset 354;Hydrate phase equilibria of the guest mixtures containing CO2, N2 and tetrahydrofuran;Kang, S. -P.[Seon-Pil], Lee, H.[Huen], Lee, C. S.[Ching S.] and Sung, W.-M.;Fluid Phase Equilibria 185, 101-109;2001;CO2 + N2 + H2O in Hydrate + Aqueous Liquid + Vapor;274.0;2000.0;0.0;0.0;0.0;0.0;0.0;0.0;0.0;0.0;0.0;0.0;0.0;0.285;0.0
2523;Dataset 354;Hydrate phase equilibria of the guest mixtures containing CO2, N2 and tetrahydrofuran;Kang, S. -P.[Seon-Pil], Lee, H.[Huen], Lee, C. S.[Ching S.] and Sung, W.-M.;Fluid Phase Equilibria 185, 101-109;2001;CO2 + N2 + H2O in Hydrate + Aqueous Liquid + Vapor;276.15;2600.0;0.0;0.0;0.0;0.0;0.0;0.0;0.0;0.0;0.0;0.0;0.0;0.285;0.0
2524;Dataset 354;Hydrate phase equilibria of the guest mixtures containing CO2, N2 and tetrahydrofuran;Kang, S. -P.[Seon-Pil], Lee, H.[Huen], Lee, C. S.[Ching S.] and Sung, W.-M.;Fluid Phase Equilibria 185, 101-109;2001;CO2 + N2 + H2O in Hydrate + Aqueous Liquid + Vapor;280.65;4225.0;0.0;0.0;0.0;0.0;0.0;0.0;0.0;0.0;0.0;0.0;0.0;0.285;0.0
2525;Dataset 354;Hydrate phase equilibria of the guest mixtures containing CO2, N2 and tetrahydrofuran;Kang, S. -P.[Seon-Pil], Lee, H.[Huen], Lee, C. S.[Ching S.] and Sung, W.-M.;Fluid Phase Equilibria 185, 101-109;2001;CO2 + N2 + H2O in Hydrate + Aqueous Liquid + Vapor;283.45;6450.0;0.0;0.0;0.0;0.0;0.0;0.0;0.0;0.0;0.0;0.0;0.0;0.285;0.0
2526;Dataset 354;Hydrate phase equilibria of the guest mixtures containing CO2, N2 and tetrahydrofuran;Kang, S. -P.[Seon-Pil], Lee, H.[Huen], Lee, C. S.[Ching S.] and Sung, W.-M.;Fluid Phase Equilibria 185, 101-109;2001;CO2 + N2 + H2O in Hydrate + Aqueous Liquid + Vapor;284.25;7445.0;0.0;0.0;0.0;0.0;0.0;0.0;0.0;0.0;0.0;0.0;0.0;0.285;0.0
2527;Dataset 355;Hydrate phase equilibria of the guest mixtures containing CO2, N2 and tetrahydrofuran;Kang, S. -P.[Seon-Pil], Lee, H.[Huen], Lee, C. S.[Ching S.] and Sung, W.-M.;Fluid Phase Equilibria 185, 101-109;2001;CO2 + N2 + H2O in Hydrate + Aqueous Liquid + Vapor;273.75;3195.0;0.0;0.0;0.0;0.0;0.0;0.0;0.0;0.0;0.0;0.0;0.0;0.0;0.9286
2528;Dataset 355;Hydrate phase equilibria of the guest mixtures containing CO2, N2 and tetrahydrofuran;Kang, S. -P.[Seon-Pil], Lee, H.[Huen], Lee, C. S.[Ching S.] and Sung, W.-M.;Fluid Phase Equilibria 185, 101-109;2001;CO2 + N2 + H2O in Hydrate + Aqueous Liquid + Vapor;276.0;4257.0;0.0;0.0;0.0;0.0;0.0;0.0;0.0;0.0;0.0;0.0;0.0;0.0;0.9286
2529;Dataset 355;Hydrate phase equilibria of the guest mixtures containing CO2, N2 and tetrahydrofuran;Kang, S. -P.[Seon-Pil], Lee, H.[Huen], Lee, C. S.[Ching S.] and Sung, W.-M.;Fluid Phase Equilibria 185, 101-109;2001;CO2 + N2 + H2O in Hydrate + Aqueous Liquid + Vapor;279.0;5867.0;0.0;0.0;0.0;0.0;0.0;0.0;0.0;0.0;0.0;0.0;0.0;0.0;0.9286
2530;Dataset 355;Hydrate phase equilibria of the guest mixtures containing CO2, N2 and tetrahydrofuran;Kang, S. -P.[Seon-Pil], Lee, H.[Huen], Lee, C. S.[Ching S.] and Sung, W.-M.;Fluid Phase Equilibria 185, 101-109;2001;CO2 + N2 + H2O in Hydrate + Aqueous Liquid + Vapor;281.0;7449.0;0.0;0.0;0.0;0.0;0.0;0.0;0.0;0.0;0.0;0.0;0.0;0.0;0.9286
2531;Dataset 355;Hydrate phase equilibria of the guest mixtures containing CO2, N2 and tetrahydrofuran;Kang, S. -P.[Seon-Pil], Lee, H.[Huen], Lee, C. S.[Ching S.] and Sung, W.-M.;Fluid Phase Equilibria 185, 101-109;2001;CO2 + N2 + H2O in Hydrate + Aqueous Liquid + Vapor;282.0;8975.0;0.0;0.0;0.0;0.0;0.0;0.0;0.0;0.0;0.0;0.0;0.0;0.0;0.9286
2532;Dataset 356;Hydrate phase equilibria of the guest mixtures containing CO2, N2 and tetrahydrofuran;Kang, S. -P.[Seon-Pil], Lee, H.[Huen], Lee, C. S.[Ching S.] and Sung, W.-M.;Fluid Phase Equilibria 185, 101-109;2001;CO2 + N2 + H2O in Hydrate + Aqueous Liquid + Vapor;272.85;7240.0;0.0;0.0;0.0;0.0;0.0;0.0;0.0;0.0;0.0;0.0;0.0;0.0;0.2137
2533;Dataset 356;Hydrate phase equilibria of the guest mixtures containing CO2, N2 and tetrahydrofuran;Kang, S. -P.[Seon-Pil], Lee, H.[Huen], Lee, C. S.[Ching S.] and Sung, W.-M.;Fluid Phase Equilibria 185, 101-109;2001;CO2 + N2 + H2O in Hydrate + Aqueous Liquid + Vapor;274.05;8120.0;0.0;0.0;0.0;0.0;0.0;0.0;0.0;0.0;0.0;0.0;0.0;0.0;0.2137
2534;Dataset 356;Hydrate phase equilibria of the guest mixtures containing CO2, N2 and tetrahydrofuran;Kang, S. -P.[Seon-Pil], Lee, H.[Huen], Lee, C. S.[Ching S.] and Sung, W.-M.;Fluid Phase Equilibria 185, 101-109;2001;CO2 + N2 + H2O in Hydrate + Aqueous Liquid + Vapor;277.45;10650.0;0.0;0.0;0.0;0.0;0.0;0.0;0.0;0.0;0.0;0.0;0.0;0.0;0.2137
2535;Dataset 356;Hydrate phase equilibria of the guest mixtures containing CO2, N2 and tetrahydrofuran;Kang, S. -P.[Seon-Pil], Lee, H.[Huen], Lee, C. S.[Ching S.] and Sung, W.-M.;Fluid Phase Equilibria 185, 101-109;2001;CO2 + N2 + H2O in Hydrate + Aqueous Liquid + Vapor;278.65;11748.0;0.0;0.0;0.0;0.0;0.0;0.0;0.0;0.0;0.0;0.0;0.0;0.0;0.2137
2536;Dataset 356;Hydrate phase equilibria of the guest mixtures containing CO2, N2 and tetrahydrofuran;Kang, S. -P.[Seon-Pil], Lee, H.[Huen], Lee, C. S.[Ching S.] and Sung, W.-M.;Fluid Phase Equilibria 185, 101-109;2001;CO2 + N2 + H2O in Hydrate + Aqueous Liquid + Vapor;280.55;14220.0;0.0;0.0;0.0;0.0;0.0;0.0;0.0;0.0;0.0;0.0;0.0;0.0;0.2137
2537;Dataset 357;Hydrate phase equilibria of the guest mixtures containing CO2, N2 and tetrahydrofuran;Kang, S. -P.[Seon-Pil], Lee, H.[Huen], Lee, C. S.[Ching S.] and Sung, W.-M.;Fluid Phase Equilibria 185, 101-109;2001;CO2 + N2 + H2O in Hydrate + Aqueous Liquid + Vapor;274.25;11020.0;0.0;0.0;0.0;0.0;0.0;0.0;0.0;0.0;0.0;0.0;0.0;0.0;0.1311
2538;Dataset 357;Hydrate phase equilibria of the guest mixtures containing CO2, N2 and tetrahydrofuran;Kang, S. -P.[Seon-Pil], Lee, H.[Huen], Lee, C. S.[Ching S.] and Sung, W.-M.;Fluid Phase Equilibria 185, 101-109;2001;CO2 + N2 + H2O in Hydrate + Aqueous Liquid + Vapor;275.65;13870.0;0.0;0.0;0.0;0.0;0.0;0.0;0.0;0.0;0.0;0.0;0.0;0.0;0.1311
2539;Dataset 357;Hydrate phase equilibria of the guest mixtures containing CO2, N2 and tetrahydrofuran;Kang, S. -P.[Seon-Pil], Lee, H.[Huen], Lee, C. S.[Ching S.] and Sung, W.-M.;Fluid Phase Equilibria 185, 101-109;2001;CO2 + N2 + H2O in Hydrate + Aqueous Liquid + Vapor;277.6;18100.0;0.0;0.0;0.0;0.0;0.0;0.0;0.0;0.0;0.0;0.0;0.0;0.0;0.1311
2540;Dataset 357;Hydrate phase equilibria of the guest mixtures containing CO2, N2 and tetrahydrofuran;Kang, S. -P.[Seon-Pil], Lee, H.[Huen], Lee, C. S.[Ching S.] and Sung, W.-M.;Fluid Phase Equilibria 185, 101-109;2001;CO2 + N2 + H2O in Hydrate + Aqueous Liquid + Vapor;278.95;22230.0;0.0;0.0;0.0;0.0;0.0;0.0;0.0;0.0;0.0;0.0;0.0;0.0;0.1311
2541;Dataset 358;Hydrate phase equilibria of the guest mixtures containing CO2, N2 and tetrahydrofuran;Kang, S. -P.[Seon-Pil], Lee, H.[Huen], Lee, C. S.[Ching S.] and Sung, W.-M.;Fluid Phase Equilibria 185, 101-109;2001;CO2 + N2 + H2O in Hydrate + Aqueous Liquid + Vapor;273.95;14085.0;0.0;0.0;0.0;0.0;0.0;0.0;0.0;0.0;0.0;0.0;0.0;0.0;0.071
2542;Dataset 358;Hydrate phase equilibria of the guest mixtures containing CO2, N2 and tetrahydrofuran;Kang, S. -P.[Seon-Pil], Lee, H.[Huen], Lee, C. S.[Ching S.] and Sung, W.-M.;Fluid Phase Equilibria 185, 101-109;2001;CO2 + N2 + H2O in Hydrate + Aqueous Liquid + Vapor;274.55;15400.0;0.0;0.0;0.0;0.0;0.0;0.0;0.0;0.0;0.0;0.0;0.0;0.0;0.071
2543;Dataset 358;Hydrate phase equilibria of the guest mixtures containing CO2, N2 and tetrahydrofuran;Kang, S. -P.[Seon-Pil], Lee, H.[Huen], Lee, C. S.[Ching S.] and Sung, W.-M.;Fluid Phase Equilibria 185, 101-109;2001;CO2 + N2 + H2O in Hydrate + Aqueous Liquid + Vapor;277.0;20680.0;0.0;0.0;0.0;0.0;0.0;0.0;0.0;0.0;0.0;0.0;0.0;0.0;0.071
2544;Dataset 358;Hydrate phase equilibria of the guest mixtures containing CO2, N2 and tetrahydrofuran;Kang, S. -P.[Seon-Pil], Lee, H.[Huen], Lee, C. S.[Ching S.] and Sung, W.-M.;Fluid Phase Equilibria 185, 101-109;2001;CO2 + N2 + H2O in Hydrate + Aqueous Liquid + Vapor;278.25;24120.0;0.0;0.0;0.0;0.0;0.0;0.0;0.0;0.0;0.0;0.0;0.0;0.0;0.071
